{
  "IcoMoonType": "selection",
  "icons": [
    {
      "icon": {
        "paths": [
          "M1024 590.444l-512-397.426-512 397.428v-162.038l512-397.426 512 397.428zM896 576v384h-256v-256h-256v256h-256v-384l384-288z"
        ],
        "tags": [
          "home",
          "house"
        ],
        "defaultCode": 59648,
        "grid": 16,
        "attrs": []
      },
      "attrs": [],
      "properties": {
        "ligatures": "home, house",
        "name": "home",
        "order": 44,
        "id": 1,
        "prevSize": 32,
        "code": 59648
      },
      "setIdx": 0,
      "setId": 1,
      "iconIdx": 0
    },
    {
      "icon": {
        "paths": [
          "M304 608c0 114.876 93.124 208 208 208s208-93.124 208-208-93.124-208-208-208-208 93.124-208 208zM960 256h-224c-16-64-32-128-96-128h-256c-64 0-80 64-96 128h-224c-35.2 0-64 28.8-64 64v576c0 35.2 28.8 64 64 64h896c35.2 0 64-28.8 64-64v-576c0-35.2-28.8-64-64-64zM512 892c-156.85 0-284-127.148-284-284 0-156.85 127.15-284 284-284 156.852 0 284 127.15 284 284 0 156.852-127.146 284-284 284zM960 448h-128v-64h128v64z"
        ],
        "tags": [
          "camera",
          "photo",
          "picture",
          "image"
        ],
        "defaultCode": 59663,
        "grid": 16,
        "attrs": []
      },
      "attrs": [],
      "properties": {
        "ligatures": "camera, photo",
        "name": "camera",
        "order": 45,
        "id": 16,
        "prevSize": 32,
        "code": 59663
      },
      "setIdx": 0,
      "setId": 1,
      "iconIdx": 15
    },
    {
      "icon": {
        "paths": [
          "M480 704c88.366 0 160-71.634 160-160v-384c0-88.366-71.634-160-160-160s-160 71.634-160 160v384c0 88.366 71.636 160 160 160zM704 448v96c0 123.71-100.29 224-224 224-123.712 0-224-100.29-224-224v-96h-64v96c0 148.238 112.004 270.3 256 286.22v129.78h-128v64h320v-64h-128v-129.78c143.994-15.92 256-137.982 256-286.22v-96h-64z"
        ],
        "tags": [
          "mic",
          "microphone",
          "voice",
          "audio"
        ],
        "defaultCode": 59678,
        "grid": 16,
        "attrs": []
      },
      "attrs": [],
      "properties": {
        "ligatures": "mic, microphone",
        "name": "mic",
        "order": 46,
        "id": 31,
        "prevSize": 32,
        "code": 59678
      },
      "setIdx": 0,
      "setId": 1,
      "iconIdx": 30
    },
    {
      "icon": {
        "paths": [
          "M864 0h-768c-52.8 0-96 43.2-96 96v832c0 52.8 43.2 96 96 96h768c52.8 0 96-43.2 96-96v-832c0-52.8-43.2-96-96-96zM832 896h-704v-768h704v768zM256 576h448v64h-448zM256 704h448v64h-448zM320 288c0-53.019 42.981-96 96-96s96 42.981 96 96c0 53.019-42.981 96-96 96s-96-42.981-96-96zM480 384h-128c-52.8 0-96 28.8-96 64v64h320v-64c0-35.2-43.2-64-96-64z"
        ],
        "tags": [
          "profile",
          "file",
          "document",
          "page",
          "user",
          "paper"
        ],
        "defaultCode": 59683,
        "grid": 16,
        "attrs": []
      },
      "attrs": [],
      "properties": {
        "ligatures": "profile, file2",
        "name": "profile",
        "order": 53,
        "id": 36,
        "prevSize": 32,
        "code": 59683
      },
      "setIdx": 0,
      "setId": 1,
      "iconIdx": 35
    },
    {
      "icon": {
        "paths": [
          "M917.806 229.076c-22.212-30.292-53.174-65.7-87.178-99.704s-69.412-64.964-99.704-87.178c-51.574-37.82-76.592-42.194-90.924-42.194h-496c-44.112 0-80 35.888-80 80v864c0 44.112 35.888 80 80 80h736c44.112 0 80-35.888 80-80v-624c0-14.332-4.372-39.35-42.194-90.924zM785.374 174.626c30.7 30.7 54.8 58.398 72.58 81.374h-153.954v-153.946c22.984 17.78 50.678 41.878 81.374 72.572zM896 944c0 8.672-7.328 16-16 16h-736c-8.672 0-16-7.328-16-16v-864c0-8.672 7.328-16 16-16 0 0 495.956-0.002 496 0v224c0 17.672 14.326 32 32 32h224v624z"
        ],
        "tags": [
          "file-empty",
          "file",
          "document",
          "paper",
          "page",
          "new",
          "empty",
          "blank"
        ],
        "defaultCode": 59684,
        "grid": 16,
        "attrs": []
      },
      "attrs": [],
      "properties": {
        "ligatures": "file-empty, file3",
        "name": "file-empty",
        "order": 47,
        "id": 37,
        "prevSize": 32,
        "code": 59684
      },
      "setIdx": 0,
      "setId": 1,
      "iconIdx": 36
    },
    {
      "icon": {
        "paths": [
          "M917.806 229.076c-22.212-30.292-53.174-65.7-87.178-99.704s-69.412-64.964-99.704-87.178c-51.574-37.82-76.592-42.194-90.924-42.194h-496c-44.112 0-80 35.888-80 80v864c0 44.112 35.888 80 80 80h736c44.112 0 80-35.888 80-80v-624c0-14.332-4.372-39.35-42.194-90.924zM785.374 174.626c30.7 30.7 54.8 58.398 72.58 81.374h-153.954v-153.946c22.984 17.78 50.678 41.878 81.374 72.572zM896 944c0 8.672-7.328 16-16 16h-736c-8.672 0-16-7.328-16-16v-864c0-8.672 7.328-16 16-16 0 0 495.956-0.002 496 0v224c0 17.672 14.326 32 32 32h224v624z",
          "M736 832h-448c-17.672 0-32-14.326-32-32s14.328-32 32-32h448c17.674 0 32 14.326 32 32s-14.326 32-32 32z",
          "M736 704h-448c-17.672 0-32-14.326-32-32s14.328-32 32-32h448c17.674 0 32 14.326 32 32s-14.326 32-32 32z",
          "M736 576h-448c-17.672 0-32-14.326-32-32s14.328-32 32-32h448c17.674 0 32 14.326 32 32s-14.326 32-32 32z"
        ],
        "tags": [
          "file-text",
          "file",
          "document",
          "list",
          "paper",
          "page"
        ],
        "defaultCode": 59686,
        "grid": 16,
        "attrs": []
      },
      "attrs": [],
      "properties": {
        "ligatures": "file-text2, file4",
        "name": "file-text2",
        "order": 52,
        "id": 39,
        "prevSize": 32,
        "code": 59686
      },
      "setIdx": 0,
      "setId": 1,
      "iconIdx": 38
    },
    {
      "icon": {
        "paths": [
          "M832 896h-640v-128l192-320 263 320 185-128v256z",
          "M832 480c0 53.020-42.98 96-96 96-53.022 0-96-42.98-96-96s42.978-96 96-96c53.020 0 96 42.98 96 96z",
          "M917.806 229.076c-22.212-30.292-53.174-65.7-87.178-99.704s-69.412-64.964-99.704-87.178c-51.574-37.82-76.592-42.194-90.924-42.194h-496c-44.112 0-80 35.888-80 80v864c0 44.112 35.888 80 80 80h736c44.112 0 80-35.888 80-80v-624c0-14.332-4.372-39.35-42.194-90.924zM785.374 174.626c30.7 30.7 54.8 58.398 72.58 81.374h-153.954v-153.946c22.984 17.78 50.678 41.878 81.374 72.572zM896 944c0 8.672-7.328 16-16 16h-736c-8.672 0-16-7.328-16-16v-864c0-8.672 7.328-16 16-16 0 0 495.956-0.002 496 0v224c0 17.672 14.326 32 32 32h224v624z"
        ],
        "tags": [
          "file-picture",
          "file",
          "document",
          "file-image"
        ],
        "defaultCode": 59687,
        "grid": 16,
        "attrs": []
      },
      "attrs": [],
      "properties": {
        "ligatures": "file-picture, file5",
        "name": "file-picture",
        "order": 48,
        "id": 40,
        "prevSize": 32,
        "code": 59687
      },
      "setIdx": 0,
      "setId": 1,
      "iconIdx": 39
    },
    {
      "icon": {
        "paths": [
          "M917.806 229.076c-22.21-30.292-53.174-65.7-87.178-99.704s-69.412-64.964-99.704-87.178c-51.574-37.82-76.592-42.194-90.924-42.194h-496c-44.112 0-80 35.888-80 80v864c0 44.112 35.886 80 80 80h736c44.112 0 80-35.888 80-80v-624c0-14.332-4.372-39.35-42.194-90.924v0zM785.374 174.626c30.7 30.7 54.8 58.398 72.58 81.374h-153.954v-153.946c22.982 17.78 50.678 41.878 81.374 72.572v0zM896 944c0 8.672-7.328 16-16 16h-736c-8.672 0-16-7.328-16-16v-864c0-8.672 7.328-16 16-16 0 0 495.956-0.002 496 0v224c0 17.672 14.324 32 32 32h224v624z",
          "M756.288 391.252c-7.414-6.080-17.164-8.514-26.562-6.632l-320 64c-14.958 2.994-25.726 16.126-25.726 31.38v236.876c-18.832-8.174-40.678-12.876-64-12.876-70.692 0-128 42.98-128 96s57.308 96 128 96 128-42.98 128-96v-229.766l256-51.202v133.842c-18.832-8.174-40.678-12.876-64-12.876-70.692 0-128 42.98-128 96s57.308 96 128 96 128-42.98 128-96v-319.998c0-9.586-4.298-18.668-11.712-24.748z"
        ],
        "tags": [
          "file-music",
          "file",
          "document",
          "file-song",
          "file-audio"
        ],
        "defaultCode": 59688,
        "grid": 16,
        "attrs": []
      },
      "attrs": [],
      "properties": {
        "ligatures": "file-music, file6",
        "name": "file-music",
        "order": 49,
        "id": 41,
        "prevSize": 32,
        "code": 59688
      },
      "setIdx": 0,
      "setId": 1,
      "iconIdx": 40
    },
    {
      "icon": {
        "paths": [
          "M917.806 229.076c-22.208-30.292-53.174-65.7-87.178-99.704s-69.412-64.964-99.704-87.178c-51.574-37.82-76.594-42.194-90.924-42.194h-496c-44.112 0-80 35.888-80 80v864c0 44.112 35.882 80 80 80h736c44.112 0 80-35.888 80-80v-624c0-14.332-4.372-39.35-42.194-90.924v0 0zM785.374 174.626c30.7 30.7 54.8 58.398 72.58 81.374h-153.954v-153.946c22.98 17.78 50.678 41.878 81.374 72.572v0 0zM896 944c0 8.672-7.328 16-16 16h-736c-8.672 0-16-7.328-16-16v-864c0-8.672 7.328-16 16-16 0 0 495.956-0.002 496 0v224c0 17.672 14.32 32 32 32h224v624z",
          "M256 512h320v320h-320v-320z",
          "M576 640l192-128v320l-192-128z"
        ],
        "tags": [
          "file-video",
          "file",
          "document",
          "file-camera"
        ],
        "defaultCode": 59690,
        "grid": 16,
        "attrs": []
      },
      "attrs": [],
      "properties": {
        "ligatures": "file-video, file8",
        "name": "file-video",
        "order": 51,
        "id": 43,
        "prevSize": 32,
        "code": 59690
      },
      "setIdx": 0,
      "setId": 1,
      "iconIdx": 42
    },
    {
      "icon": {
        "paths": [
          "M448 128l128 128h448v704h-1024v-832z"
        ],
        "tags": [
          "folder",
          "directory",
          "category",
          "browse"
        ],
        "defaultCode": 59695,
        "grid": 16,
        "attrs": []
      },
      "attrs": [],
      "properties": {
        "ligatures": "folder, directory",
        "name": "folder",
        "order": 42,
        "id": 48,
        "prevSize": 32,
        "code": 59695
      },
      "setIdx": 0,
      "setId": 1,
      "iconIdx": 47
    },
    {
      "icon": {
        "paths": [
          "M384 928c0 53.019-42.981 96-96 96s-96-42.981-96-96c0-53.019 42.981-96 96-96s96 42.981 96 96z",
          "M1024 928c0 53.019-42.981 96-96 96s-96-42.981-96-96c0-53.019 42.981-96 96-96s96 42.981 96 96z",
          "M1024 512v-384h-768c0-35.346-28.654-64-64-64h-192v64h128l48.074 412.054c-29.294 23.458-48.074 59.5-48.074 99.946 0 70.696 57.308 128 128 128h768v-64h-768c-35.346 0-64-28.654-64-64 0-0.218 0.014-0.436 0.016-0.656l831.984-127.344z"
        ],
        "tags": [
          "cart",
          "purchase",
          "ecommerce",
          "shopping"
        ],
        "defaultCode": 59706,
        "grid": 16,
        "attrs": []
      },
      "attrs": [],
      "properties": {
        "ligatures": "cart, purchase",
        "name": "cart",
        "order": 43,
        "id": 59,
        "prevSize": 32,
        "code": 59706
      },
      "setIdx": 0,
      "setId": 1,
      "iconIdx": 58
    },
    {
      "icon": {
        "paths": [
          "M928 128h-832c-52.8 0-96 43.2-96 96v576c0 52.8 43.2 96 96 96h832c52.8 0 96-43.2 96-96v-576c0-52.8-43.2-96-96-96zM96 192h832c17.346 0 32 14.654 32 32v96h-896v-96c0-17.346 14.654-32 32-32zM928 832h-832c-17.346 0-32-14.654-32-32v-288h896v288c0 17.346-14.654 32-32 32zM128 640h64v128h-64zM256 640h64v128h-64zM384 640h64v128h-64z"
        ],
        "tags": [
          "credit-card",
          "money",
          "payment",
          "ecommerce"
        ],
        "defaultCode": 59711,
        "grid": 16,
        "attrs": []
      },
      "attrs": [],
      "properties": {
        "ligatures": "credit-card, money5",
        "name": "credit-card",
        "order": 41,
        "id": 64,
        "prevSize": 32,
        "code": 59711
      },
      "setIdx": 0,
      "setId": 1,
      "iconIdx": 63
    },
    {
      "icon": {
        "paths": [
          "M704 640c-64 64-64 128-128 128s-128-64-192-128-128-128-128-192 64-64 128-128-128-256-192-256-192 192-192 192c0 128 131.5 387.5 256 512s384 256 512 256c0 0 192-128 192-192s-192-256-256-192z"
        ],
        "tags": [
          "phone",
          "telephone",
          "contact",
          "support",
          "call"
        ],
        "defaultCode": 59714,
        "grid": 16,
        "attrs": []
      },
      "attrs": [],
      "properties": {
        "ligatures": "phone, telephone",
        "name": "phone",
        "order": 3,
        "id": 67,
        "prevSize": 32,
        "code": 59714
      },
      "setIdx": 0,
      "setId": 1,
      "iconIdx": 66
    },
    {
      "icon": {
        "paths": [
          "M768 0h-576c-35.2 0-64 28.798-64 64v896c0 35.2 28.798 64 64 64h576c35.2 0 64-28.8 64-64v-896c0-35.202-28.8-64-64-64zM480 977.782c-27.492 0-49.782-22.29-49.782-49.782s22.29-49.782 49.782-49.782 49.782 22.29 49.782 49.782-22.29 49.782-49.782 49.782zM768 832h-576v-704h576v704z"
        ],
        "tags": [
          "mobile",
          "cell-phone",
          "handheld",
          "tablet",
          "phablet"
        ],
        "defaultCode": 59737,
        "grid": 16,
        "attrs": []
      },
      "attrs": [],
      "properties": {
        "ligatures": "mobile2, cell-phone2",
        "name": "mobile2",
        "order": 57,
        "id": 90,
        "prevSize": 32
      },
      "setIdx": 0,
      "setId": 1,
      "iconIdx": 89
    },
    {
      "icon": {
        "paths": [
          "M512 64c282.77 0 512 186.25 512 416 0 229.752-229.23 416-512 416-27.156 0-53.81-1.734-79.824-5.044-109.978 109.978-241.25 129.7-368.176 132.596v-26.916c68.536-33.578 128-94.74 128-164.636 0-9.754-0.758-19.33-2.164-28.696-115.796-76.264-189.836-192.754-189.836-323.304 0-229.75 229.23-416 512-416z"
        ],
        "tags": [
          "bubble",
          "comment",
          "chat",
          "talk"
        ],
        "defaultCode": 59755,
        "grid": 16,
        "attrs": []
      },
      "attrs": [],
      "properties": {
        "ligatures": "bubble, comment",
        "name": "bubble",
        "order": 40,
        "id": 108,
        "prevSize": 32,
        "code": 59755
      },
      "setIdx": 0,
      "setId": 1,
      "iconIdx": 107
    },
    {
      "icon": {
        "paths": [
          "M736 448l-256 256-256-256h160v-384h192v384zM480 704h-480v256h960v-256h-480zM896 832h-128v-64h128v64z"
        ],
        "tags": [
          "download",
          "save",
          "store"
        ],
        "defaultCode": 59847,
        "grid": 16,
        "attrs": []
      },
      "attrs": [],
      "properties": {
        "ligatures": "download3, save5",
        "name": "download3",
        "order": 39,
        "id": 200,
        "prevSize": 32,
        "code": 59847
      },
      "setIdx": 0,
      "setId": 1,
      "iconIdx": 199
    },
    {
      "icon": {
        "paths": [
          "M440.236 635.766c-13.31 0-26.616-5.076-36.77-15.23-95.134-95.136-95.134-249.934 0-345.070l192-192c46.088-46.086 107.36-71.466 172.534-71.466s126.448 25.38 172.536 71.464c95.132 95.136 95.132 249.934 0 345.070l-87.766 87.766c-20.308 20.308-53.23 20.308-73.54 0-20.306-20.306-20.306-53.232 0-73.54l87.766-87.766c54.584-54.586 54.584-143.404 0-197.99-26.442-26.442-61.6-41.004-98.996-41.004s-72.552 14.562-98.996 41.006l-192 191.998c-54.586 54.586-54.586 143.406 0 197.992 20.308 20.306 20.306 53.232 0 73.54-10.15 10.152-23.462 15.23-36.768 15.23z",
          "M256 1012c-65.176 0-126.45-25.38-172.534-71.464-95.134-95.136-95.134-249.934 0-345.070l87.764-87.764c20.308-20.306 53.234-20.306 73.54 0 20.308 20.306 20.308 53.232 0 73.54l-87.764 87.764c-54.586 54.586-54.586 143.406 0 197.992 26.44 26.44 61.598 41.002 98.994 41.002s72.552-14.562 98.998-41.006l192-191.998c54.584-54.586 54.584-143.406 0-197.992-20.308-20.308-20.306-53.232 0-73.54 20.306-20.306 53.232-20.306 73.54 0.002 95.132 95.134 95.132 249.932 0.002 345.068l-192.002 192c-46.090 46.088-107.364 71.466-172.538 71.466z"
        ],
        "tags": [
          "link",
          "chain",
          "url",
          "uri",
          "anchor"
        ],
        "defaultCode": 59851,
        "grid": 16,
        "attrs": []
      },
      "attrs": [],
      "properties": {
        "ligatures": "link, chain",
        "name": "link",
        "order": 37,
        "id": 204,
        "prevSize": 32,
        "code": 59851
      },
      "setIdx": 0,
      "setId": 1,
      "iconIdx": 203
    },
    {
      "icon": {
        "paths": [
          "M665.832 327.048l-64.952-64.922-324.81 324.742c-53.814 53.792-53.814 141.048 0 194.844 53.804 53.792 141.060 53.792 194.874 0l389.772-389.708c89.714-89.662 89.714-235.062 0-324.726-89.666-89.704-235.112-89.704-324.782 0l-409.23 409.178c-0.29 0.304-0.612 0.576-0.876 0.846-125.102 125.096-125.102 327.856 0 452.906 125.054 125.056 327.868 125.056 452.988 0 0.274-0.274 0.516-0.568 0.82-0.876l0.032 0.034 279.332-279.292-64.986-64.92-279.33 279.262c-0.296 0.268-0.564 0.57-0.846 0.844-89.074 89.058-233.98 89.058-323.076 0-89.062-89.042-89.062-233.922 0-322.978 0.304-0.304 0.604-0.582 0.888-0.846l-0.046-0.060 409.28-409.166c53.712-53.738 141.144-53.738 194.886 0 53.712 53.734 53.712 141.148 0 194.84l-389.772 389.7c-17.936 17.922-47.054 17.922-64.972 0-17.894-17.886-17.894-47.032 0-64.92l324.806-324.782z"
        ],
        "tags": [
          "attachment",
          "paperclip"
        ],
        "defaultCode": 59853,
        "grid": 16,
        "attrs": []
      },
      "attrs": [],
      "properties": {
        "ligatures": "attachment, paperclip",
        "name": "attachment",
        "order": 35,
        "id": 206,
        "prevSize": 32,
        "code": 59853
      },
      "setIdx": 0,
      "setId": 1,
      "iconIdx": 205
    },
    {
      "icon": {
        "paths": [
          "M576 96c0 53.019-42.981 96-96 96s-96-42.981-96-96c0-53.019 42.981-96 96-96s96 42.981 96 96z",
          "M576 256h-192c-35.346 0-64 28.654-64 64v320h64v384h80v-384h32v384h80v-384h64v-320c0-35.346-28.652-64-64-64z"
        ],
        "tags": [
          "man",
          "male",
          "gender",
          "sex"
        ],
        "defaultCode": 59868,
        "grid": 16,
        "attrs": []
      },
      "attrs": [],
      "properties": {
        "ligatures": "man, male",
        "name": "man",
        "order": 33,
        "id": 221,
        "prevSize": 32,
        "code": 59868
      },
      "setIdx": 0,
      "setId": 1,
      "iconIdx": 220
    },
    {
      "icon": {
        "paths": [
          "M576 96c0 53.019-42.981 96-96 96s-96-42.981-96-96c0-53.019 42.981-96 96-96s96 42.981 96 96z",
          "M719 512l49-35.5-133.286-206.116c-5.92-8.98-15.958-14.384-26.714-14.384h-256c-10.756 0-20.792 5.404-26.714 14.384l-133.286 206.116 49 35.5 110.644-143.596 38.458 89.74-134.102 245.856h122.666l21.334 320h64v-320h32v320h64l21.334-320h122.666l-134.104-245.858 38.458-89.74 110.646 143.598z"
        ],
        "tags": [
          "woman",
          "female",
          "gender",
          "sex"
        ],
        "defaultCode": 59869,
        "grid": 16,
        "attrs": []
      },
      "attrs": [],
      "properties": {
        "ligatures": "woman, female",
        "name": "woman",
        "order": 34,
        "id": 222,
        "prevSize": 32,
        "code": 59869
      },
      "setIdx": 0,
      "setId": 1,
      "iconIdx": 221
    },
    {
      "icon": {
        "paths": [
          "M960 608v-160c0-52.934-43.066-96-96-96-17.104 0-33.176 4.494-47.098 12.368-17.076-26.664-46.958-44.368-80.902-44.368-24.564 0-47.004 9.274-64 24.504-16.996-15.23-39.436-24.504-64-24.504-11.214 0-21.986 1.934-32 5.484v-229.484c0-52.934-43.066-96-96-96s-96 43.066-96 96v394.676l-176.018-93.836c-14.536-8.4-31.126-12.84-47.982-12.84-52.934 0-96 43.066-96 96 0 26.368 10.472 50.954 29.49 69.226 0.248 0.238 0.496 0.47 0.75 0.7l239.17 218.074h-45.41c-17.672 0-32 14.326-32 32v192c0 17.674 14.328 32 32 32h640c17.674 0 32-14.326 32-32v-192c0-17.674-14.326-32-32-32h-44.222l72.844-145.69c2.222-4.442 3.378-9.342 3.378-14.31zM896 864c0 17.674-14.326 32-32 32s-32-14.326-32-32 14.326-32 32-32 32 14.326 32 32zM896 600.446l-83.776 167.554h-383.826l-290.818-265.166c-6.18-6.070-9.58-14.164-9.58-22.834 0-17.644 14.356-32 32-32 5.46 0 10.612 1.31 15.324 3.894 0.53 0.324 1.070 0.632 1.622 0.926l224 119.416c9.92 5.288 21.884 4.986 31.52-0.8 9.638-5.782 15.534-16.196 15.534-27.436v-448c0-17.644 14.356-32 32-32s32 14.356 32 32v320c0 17.672 14.326 32 32 32s32-14.328 32-32c0-17.644 14.356-32 32-32s32 14.356 32 32c0 17.672 14.326 32 32 32s32-14.328 32-32c0-17.644 14.356-32 32-32s32 14.356 32 32v32c0 17.672 14.326 32 32 32s32-14.328 32-32c0-17.644 14.356-32 32-32s32 14.356 32 32v152.446z"
        ],
        "tags": [
          "point-up",
          "finger",
          "direction",
          "hand"
        ],
        "defaultCode": 59907,
        "grid": 16,
        "attrs": []
      },
      "attrs": [],
      "properties": {
        "ligatures": "point-up, finger",
        "name": "point-up",
        "order": 29,
        "id": 260,
        "prevSize": 32,
        "code": 59907
      },
      "setIdx": 0,
      "setId": 1,
      "iconIdx": 259
    },
    {
      "icon": {
        "paths": [
          "M416 960h160c52.934 0 96-43.066 96-96 0-17.104-4.494-33.176-12.368-47.098 26.664-17.076 44.368-46.958 44.368-80.902 0-24.564-9.276-47.004-24.504-64 15.228-16.996 24.504-39.436 24.504-64 0-11.214-1.934-21.986-5.484-32h229.484c52.934 0 96-43.066 96-96s-43.066-96-96-96h-394.676l93.836-176.018c8.4-14.536 12.84-31.126 12.84-47.982 0-52.934-43.066-96-96-96-26.368 0-50.954 10.472-69.226 29.49-0.238 0.248-0.47 0.496-0.7 0.75l-218.074 239.17v-45.41c0-17.672-14.326-32-32-32h-192c-17.674 0-32 14.328-32 32v640c0 17.674 14.326 32 32 32h192c17.674 0 32-14.326 32-32v-44.222l145.69 72.844c4.444 2.222 9.342 3.378 14.31 3.378zM160 896c-17.674 0-32-14.326-32-32s14.326-32 32-32 32 14.326 32 32-14.326 32-32 32zM423.556 896l-167.556-83.778v-383.824l265.168-290.818c6.066-6.18 14.162-9.58 22.832-9.58 17.644 0 32 14.356 32 32 0 5.46-1.308 10.612-3.894 15.324-0.324 0.53-0.632 1.070-0.926 1.622l-119.418 224c-5.288 9.92-4.986 21.884 0.8 31.52 5.784 9.638 16.198 15.534 27.438 15.534h448c17.644 0 32 14.356 32 32s-14.356 32-32 32h-320c-17.672 0-32 14.326-32 32s14.328 32 32 32c17.644 0 32 14.356 32 32s-14.356 32-32 32c-17.674 0-32 14.326-32 32s14.326 32 32 32c17.644 0 32 14.356 32 32s-14.356 32-32 32h-32c-17.674 0-32 14.326-32 32s14.326 32 32 32c17.644 0 32 14.356 32 32s-14.356 32-32 32h-152.444z"
        ],
        "tags": [
          "point-right",
          "finger",
          "direction",
          "hand"
        ],
        "defaultCode": 59908,
        "grid": 16,
        "attrs": []
      },
      "attrs": [],
      "properties": {
        "ligatures": "point-right, finger2",
        "name": "point-right",
        "order": 28,
        "id": 261,
        "prevSize": 32,
        "code": 59908
      },
      "setIdx": 0,
      "setId": 1,
      "iconIdx": 260
    },
    {
      "icon": {
        "paths": [
          "M960 416v160c0 52.934-43.066 96-96 96-17.104 0-33.176-4.494-47.098-12.368-17.076 26.662-46.96 44.368-80.902 44.368-24.564 0-47.004-9.276-64-24.504-16.996 15.228-39.436 24.504-64 24.504-11.214 0-21.986-1.934-32-5.484v229.484c0 52.934-43.066 96-96 96-52.936 0-96-43.066-96-96v-394.676l-176.018 93.836c-14.538 8.398-31.126 12.84-47.982 12.84-52.936 0-96-43.066-96-96 0-26.368 10.472-50.952 29.488-69.226 0.248-0.238 0.496-0.47 0.75-0.7l239.17-218.074h-45.408c-17.674 0-32-14.326-32-32v-192c0-17.674 14.326-32 32-32h640c17.674 0 32 14.326 32 32v192c0 17.674-14.326 32-32 32h-44.222l72.842 145.69c2.224 4.442 3.38 9.342 3.38 14.31zM896 160c0-17.674-14.326-32-32-32s-32 14.326-32 32 14.326 32 32 32 32-14.326 32-32zM896 423.554l-83.778-167.554h-383.824l-290.82 265.168c-6.18 6.066-9.578 14.162-9.578 22.832 0 17.644 14.356 32 32 32 5.458 0 10.612-1.308 15.324-3.894 0.53-0.324 1.070-0.632 1.622-0.926l224-119.416c9.92-5.288 21.884-4.986 31.52 0.8 9.638 5.782 15.534 16.196 15.534 27.436v448c0 17.644 14.356 32 32 32s32-14.356 32-32v-320c0-17.672 14.326-32 32-32s32 14.328 32 32c0 17.644 14.356 32 32 32s32-14.356 32-32c0-17.674 14.326-32 32-32s32 14.326 32 32c0 17.644 14.356 32 32 32s32-14.356 32-32v-32c0-17.674 14.326-32 32-32s32 14.326 32 32c0 17.644 14.356 32 32 32s32-14.356 32-32v-152.446z"
        ],
        "tags": [
          "point-down",
          "finger",
          "direction",
          "hand"
        ],
        "defaultCode": 59909,
        "grid": 16,
        "attrs": []
      },
      "attrs": [],
      "properties": {
        "ligatures": "point-down, finger3",
        "name": "point-down",
        "order": 27,
        "id": 262,
        "prevSize": 32,
        "code": 59909
      },
      "setIdx": 0,
      "setId": 1,
      "iconIdx": 261
    },
    {
      "icon": {
        "paths": [
          "M608 960h-160c-52.934 0-96-43.066-96-96 0-17.104 4.494-33.176 12.368-47.098-26.662-17.076-44.368-46.958-44.368-80.902 0-24.564 9.276-47.004 24.504-64-15.228-16.996-24.504-39.436-24.504-64 0-11.214 1.934-21.986 5.484-32h-229.484c-52.934 0-96-43.066-96-96 0-52.936 43.066-96 96-96h394.676l-93.836-176.018c-8.398-14.536-12.84-31.126-12.84-47.982 0-52.936 43.066-96 96-96 26.368 0 50.952 10.472 69.224 29.488 0.238 0.248 0.472 0.496 0.7 0.75l218.076 239.17v-45.408c0-17.674 14.326-32 32-32h192c17.674 0 32 14.326 32 32v640c0 17.674-14.326 32-32 32h-192c-17.674 0-32-14.326-32-32v-44.222l-145.69 72.844c-4.442 2.222-9.34 3.378-14.31 3.378zM864 896c17.674 0 32-14.326 32-32s-14.326-32-32-32-32 14.326-32 32 14.326 32 32 32zM600.446 896l167.554-83.778v-383.824l-265.168-290.82c-6.066-6.18-14.162-9.578-22.832-9.578-17.644 0-32 14.356-32 32 0 5.458 1.308 10.612 3.894 15.324 0.324 0.53 0.632 1.070 0.926 1.622l119.416 224c5.29 9.92 4.988 21.884-0.798 31.52-5.784 9.638-16.198 15.534-27.438 15.534h-448c-17.644 0-32 14.356-32 32s14.356 32 32 32h320c17.672 0 32 14.326 32 32s-14.328 32-32 32c-17.644 0-32 14.356-32 32s14.356 32 32 32c17.674 0 32 14.326 32 32s-14.326 32-32 32c-17.644 0-32 14.356-32 32s14.356 32 32 32h32c17.674 0 32 14.326 32 32s-14.326 32-32 32c-17.644 0-32 14.356-32 32s14.356 32 32 32h152.446z"
        ],
        "tags": [
          "point-left",
          "finger",
          "direction",
          "hand"
        ],
        "defaultCode": 59910,
        "grid": 16,
        "attrs": []
      },
      "attrs": [],
      "properties": {
        "ligatures": "point-left, finger4",
        "name": "point-left",
        "order": 26,
        "id": 263,
        "prevSize": 32,
        "code": 59910
      },
      "setIdx": 0,
      "setId": 1,
      "iconIdx": 262
    },
    {
      "icon": {
        "paths": [
          "M864 128l-480 480-224-224-160 160 384 384 640-640z"
        ],
        "tags": [
          "checkmark",
          "tick",
          "correct",
          "accept",
          "ok"
        ],
        "defaultCode": 59920,
        "grid": 16,
        "attrs": []
      },
      "attrs": [],
      "properties": {
        "ligatures": "checkmark, tick",
        "name": "checkmark",
        "order": 30,
        "id": 273,
        "prevSize": 32,
        "code": 59920
      },
      "setIdx": 0,
      "setId": 1,
      "iconIdx": 272
    },
    {
      "icon": {
        "paths": [
          "M384 512h-320v-128h320v-128l192 192-192 192zM1024 0v832l-384 192v-192h-384v-256h64v192h320v-576l256-128h-576v256h-64v-320z"
        ],
        "tags": [
          "enter",
          "signin",
          "login"
        ],
        "defaultCode": 59923,
        "grid": 16,
        "attrs": []
      },
      "attrs": [],
      "properties": {
        "ligatures": "enter, signin",
        "name": "enter",
        "order": 31,
        "id": 276,
        "prevSize": 32,
        "code": 59923
      },
      "setIdx": 0,
      "setId": 1,
      "iconIdx": 275
    },
    {
      "icon": {
        "paths": [
          "M768 640v-128h-320v-128h320v-128l192 192zM704 576v256h-320v192l-384-192v-832h704v320h-64v-256h-512l256 128v576h256v-192z"
        ],
        "tags": [
          "exit",
          "signout",
          "logout",
          "quit",
          "close"
        ],
        "defaultCode": 59924,
        "grid": 16,
        "attrs": []
      },
      "attrs": [],
      "properties": {
        "ligatures": "exit, signout",
        "name": "exit",
        "order": 32,
        "id": 277,
        "prevSize": 32,
        "code": 59924
      },
      "setIdx": 0,
      "setId": 1,
      "iconIdx": 276
    },
    {
      "icon": {
        "paths": [
          "M877.254 786.746l-530.744-530.746h229.49c35.346 0 64-28.654 64-64s-28.654-64-64-64h-384c-25.886 0-49.222 15.592-59.128 39.508-3.282 7.924-4.84 16.242-4.838 24.492h-0.034v384c0 35.346 28.654 64 64 64s64-28.654 64-64v-229.49l530.746 530.744c12.496 12.498 28.876 18.746 45.254 18.746s32.758-6.248 45.254-18.746c24.994-24.992 24.994-65.516 0-90.508z"
        ],
        "tags": [
          "arrow-up-left",
          "up-left",
          "arrow-top-left"
        ],
        "defaultCode": 59961,
        "grid": 16,
        "attrs": []
      },
      "attrs": [],
      "properties": {
        "ligatures": "arrow-up-left2, up-left2",
        "name": "arrow-up-left2",
        "order": 24,
        "id": 314,
        "prevSize": 32,
        "code": 59961
      },
      "setIdx": 0,
      "setId": 1,
      "iconIdx": 313
    },
    {
      "icon": {
        "paths": [
          "M877.254 402.746l-320-320c-24.992-24.994-65.514-24.994-90.508 0l-320 320c-24.994 24.994-24.994 65.516 0 90.51 24.994 24.996 65.516 24.996 90.51 0l210.744-210.746v613.49c0 35.346 28.654 64 64 64s64-28.654 64-64v-613.49l210.746 210.746c12.496 12.496 28.876 18.744 45.254 18.744s32.758-6.248 45.254-18.746c24.994-24.994 24.994-65.514 0-90.508z"
        ],
        "tags": [
          "arrow-up",
          "up",
          "upload",
          "top"
        ],
        "defaultCode": 59962,
        "grid": 16,
        "attrs": []
      },
      "attrs": [],
      "properties": {
        "ligatures": "arrow-up2, up2",
        "name": "arrow-up2",
        "order": 25,
        "id": 315,
        "prevSize": 32,
        "code": 59962
      },
      "setIdx": 0,
      "setId": 1,
      "iconIdx": 314
    },
    {
      "icon": {
        "paths": [
          "M237.254 877.254l530.746-530.744v229.49c0 35.346 28.654 64 64 64s64-28.654 64-64v-384c0-25.884-15.594-49.222-39.508-59.126-7.924-3.284-16.242-4.84-24.492-4.838v-0.036h-384c-35.346 0-64 28.654-64 64 0 35.348 28.654 64 64 64h229.49l-530.744 530.746c-12.498 12.496-18.746 28.876-18.746 45.254s6.248 32.758 18.746 45.254c24.992 24.994 65.516 24.994 90.508 0z"
        ],
        "tags": [
          "arrow-up-right",
          "up-right",
          "arrow-top-right"
        ],
        "defaultCode": 59963,
        "grid": 16,
        "attrs": []
      },
      "attrs": [],
      "properties": {
        "ligatures": "arrow-up-right2, up-right2",
        "name": "arrow-up-right2",
        "order": 23,
        "id": 316,
        "prevSize": 32,
        "code": 59963
      },
      "setIdx": 0,
      "setId": 1,
      "iconIdx": 315
    },
    {
      "icon": {
        "paths": [
          "M621.254 877.254l320-320c24.994-24.992 24.994-65.516 0-90.51l-320-320c-24.994-24.992-65.516-24.992-90.51 0-24.994 24.994-24.994 65.516 0 90.51l210.746 210.746h-613.49c-35.346 0-64 28.654-64 64s28.654 64 64 64h613.49l-210.746 210.746c-12.496 12.496-18.744 28.876-18.744 45.254s6.248 32.758 18.744 45.254c24.994 24.994 65.516 24.994 90.51 0z"
        ],
        "tags": [
          "arrow-right",
          "right",
          "next"
        ],
        "defaultCode": 59964,
        "grid": 16,
        "attrs": []
      },
      "attrs": [],
      "properties": {
        "ligatures": "arrow-right2, right4",
        "name": "arrow-right2",
        "order": 21,
        "id": 317,
        "prevSize": 32,
        "code": 59964
      },
      "setIdx": 0,
      "setId": 1,
      "iconIdx": 316
    },
    {
      "icon": {
        "paths": [
          "M146.746 237.254l530.742 530.746h-229.488c-35.346 0-64 28.654-64 64s28.654 64 64 64h384c25.884 0 49.222-15.594 59.126-39.508 3.284-7.924 4.84-16.242 4.838-24.492h0.036v-384c0-35.346-28.654-64-64-64-35.348 0-64 28.654-64 64v229.49l-530.746-530.744c-12.496-12.498-28.874-18.746-45.254-18.746s-32.758 6.248-45.254 18.746c-24.994 24.992-24.994 65.516 0 90.508z"
        ],
        "tags": [
          "arrow-down-right",
          "down-right",
          "arrow-bottom-right"
        ],
        "defaultCode": 59965,
        "grid": 16,
        "attrs": []
      },
      "attrs": [],
      "properties": {
        "ligatures": "arrow-down-right2, down-right2",
        "name": "arrow-down-right2",
        "order": 22,
        "id": 318,
        "prevSize": 32,
        "code": 59965
      },
      "setIdx": 0,
      "setId": 1,
      "iconIdx": 317
    },
    {
      "icon": {
        "paths": [
          "M877.254 621.254l-320 320c-24.992 24.994-65.514 24.994-90.508 0l-320-320c-24.994-24.994-24.994-65.516 0-90.51 24.994-24.996 65.516-24.996 90.51 0l210.744 210.746v-613.49c0-35.346 28.654-64 64-64s64 28.654 64 64v613.49l210.746-210.746c12.496-12.496 28.876-18.744 45.254-18.744s32.758 6.248 45.254 18.746c24.994 24.994 24.994 65.514 0 90.508z"
        ],
        "tags": [
          "arrow-down",
          "down",
          "download",
          "bottom"
        ],
        "defaultCode": 59966,
        "grid": 16,
        "attrs": []
      },
      "attrs": [],
      "properties": {
        "ligatures": "arrow-down2, down2",
        "name": "arrow-down2",
        "order": 20,
        "id": 319,
        "prevSize": 32,
        "code": 59966
      },
      "setIdx": 0,
      "setId": 1,
      "iconIdx": 318
    },
    {
      "icon": {
        "paths": [
          "M786.744 146.744l-530.744 530.744v-229.49c0-35.346-28.654-64-64-64s-64 28.654-64 64v384.002c0 25.886 15.592 49.222 39.508 59.128 7.924 3.282 16.242 4.84 24.492 4.836v0.036l384-0.002c35.344 0 64-28.654 64-63.998 0-35.348-28.656-64-64-64h-229.49l530.744-530.746c12.496-12.496 18.746-28.876 18.746-45.256 0-16.376-6.25-32.758-18.746-45.254-24.992-24.992-65.518-24.992-90.51 0v0z"
        ],
        "tags": [
          "arrow-down-left",
          "down-left",
          "arrow-bottom-left"
        ],
        "defaultCode": 59967,
        "grid": 16,
        "attrs": []
      },
      "attrs": [],
      "properties": {
        "ligatures": "arrow-down-left2, down-left2",
        "name": "arrow-down-left2",
        "order": 19,
        "id": 320,
        "prevSize": 32,
        "code": 59967
      },
      "setIdx": 0,
      "setId": 1,
      "iconIdx": 319
    },
    {
      "icon": {
        "paths": [
          "M0 64h1024v128h-1024zM0 256h640v128h-640zM0 640h640v128h-640zM0 448h1024v128h-1024zM0 832h1024v128h-1024z"
        ],
        "tags": [
          "paragraph-left",
          "wysiwyg",
          "align-left",
          "left"
        ],
        "defaultCode": 60023,
        "grid": 16,
        "attrs": []
      },
      "attrs": [],
      "properties": {
        "ligatures": "paragraph-left, wysiwyg25",
        "name": "paragraph-left",
        "order": 18,
        "id": 376,
        "prevSize": 32,
        "code": 60023
      },
      "setIdx": 0,
      "setId": 1,
      "iconIdx": 375
    },
    {
      "icon": {
        "paths": [
          "M864 704c-45.16 0-85.92 18.738-115.012 48.83l-431.004-215.502c1.314-8.252 2.016-16.706 2.016-25.328s-0.702-17.076-2.016-25.326l431.004-215.502c29.092 30.090 69.852 48.828 115.012 48.828 88.366 0 160-71.634 160-160s-71.634-160-160-160-160 71.634-160 160c0 8.622 0.704 17.076 2.016 25.326l-431.004 215.504c-29.092-30.090-69.852-48.83-115.012-48.83-88.366 0-160 71.636-160 160 0 88.368 71.634 160 160 160 45.16 0 85.92-18.738 115.012-48.828l431.004 215.502c-1.312 8.25-2.016 16.704-2.016 25.326 0 88.368 71.634 160 160 160s160-71.632 160-160c0-88.364-71.634-160-160-160z"
        ],
        "tags": [
          "share",
          "social"
        ],
        "defaultCode": 60034,
        "grid": 16,
        "attrs": []
      },
      "attrs": [],
      "properties": {
        "ligatures": "share2, social",
        "name": "share2",
        "order": 11,
        "id": 387,
        "prevSize": 32,
        "code": 60034
      },
      "setIdx": 0,
      "setId": 1,
      "iconIdx": 386
    },
    {
      "icon": {
        "paths": [
          "M853.31 0h-682.62c-93.88 0-170.69 76.784-170.69 170.658v682.656c0 93.876 76.81 170.686 170.69 170.686h682.622c93.938 0 170.688-76.81 170.688-170.686v-682.656c0-93.874-76.75-170.658-170.69-170.658zM256 256h512c9.138 0 18.004 1.962 26.144 5.662l-282.144 329.168-282.144-329.17c8.14-3.696 17.006-5.66 26.144-5.66zM192 704v-384c0-1.34 0.056-2.672 0.14-4l187.664 218.94-185.598 185.6c-1.444-5.338-2.206-10.886-2.206-16.54zM768 768h-512c-5.654 0-11.202-0.762-16.54-2.206l182.118-182.118 90.422 105.496 90.424-105.494 182.116 182.118c-5.34 1.442-10.886 2.204-16.54 2.204zM832 704c0 5.654-0.762 11.2-2.206 16.54l-185.598-185.598 187.664-218.942c0.084 1.328 0.14 2.66 0.14 4v384z"
        ],
        "tags": [
          "mail",
          "contact",
          "support",
          "newsletter",
          "letter",
          "email",
          "envelop",
          "social"
        ],
        "defaultCode": 60035,
        "grid": 16,
        "attrs": []
      },
      "attrs": [],
      "properties": {
        "ligatures": "mail2, contact2",
        "name": "mail",
        "order": 10,
        "id": 388,
        "prevSize": 32,
        "code": 60035
      },
      "setIdx": 0,
      "setId": 1,
      "iconIdx": 387
    },
    {
      "icon": {
        "paths": [
          "M925.6 885.2c-112.2 82.8-274.6 126.8-414.6 126.8-196.2 0-372.8-72.4-506.4-193.2-10.4-9.4-1.2-22.4 11.4-15 144.2 84 322.6 134.4 506.8 134.4 124.2 0 260.8-25.8 386.6-79.2 18.8-8 34.8 12.6 16.2 26.2z",
          "M972.2 832c-14.4-18.4-94.8-8.8-131-4.4-11 1.2-12.6-8.2-2.8-15.2 64.2-45 169.4-32 181.6-17 12.4 15.2-3.2 120.6-63.4 171-9.2 7.8-18 3.6-14-6.6 13.8-33.8 44-109.4 29.6-127.8z",
          "M707.4 757.6l0.2 0.2c24.8-21.8 69.4-60.8 94.6-81.8 10-8 8.2-21.4 0.4-32.6-22.6-31.2-46.6-56.6-46.6-114.2v-192c0-81.4 5.6-156-54.2-212-47.2-45.2-125.6-61.2-185.6-61.2-117.2 0-248 43.8-275.4 188.6-3 15.4 8.4 23.6 18.4 25.8l119.4 13c11.2-0.6 19.2-11.6 21.4-22.8 10.2-49.8 52-74 99-74 25.4 0 54.2 9.2 69.2 32 17.2 25.4 15 60 15 89.4v16c-71.4 8-164.8 13.2-231.6 42.6-77.2 33.4-131.4 101.4-131.4 201.4 0 128 80.6 192 184.4 192 87.6 0 135.4-20.6 203-89.8 22.4 32.4 29.6 48.2 70.6 82.2 9.4 5 21 4.6 29.2-2.8zM583.2 457.2c0 48 1.2 88-23 130.6-19.6 34.8-50.6 56-85.2 56-47.2 0-74.8-36-74.8-89.2 0-105 94.2-124 183.2-124v26.6z"
        ],
        "tags": [
          "amazon",
          "brand"
        ],
        "defaultCode": 60039,
        "grid": 16,
        "attrs": []
      },
      "attrs": [],
      "properties": {
        "name": "amazon",
        "ligatures": "amazon, brand",
        "order": 13,
        "id": 392,
        "prevSize": 32,
        "code": 60039
      },
      "setIdx": 0,
      "setId": 1,
      "iconIdx": 391
    },
    {
      "icon": {
        "paths": [
          "M325.8 457.4v111.8h184.8c-7.4 48-55.8 140.6-184.8 140.6-111.2 0-202-92.2-202-205.8s90.8-205.8 202-205.8c63.4 0 105.6 27 129.8 50.2l88.4-85.2c-56.8-53-130.4-85.2-218.2-85.2-180.2 0.2-325.8 145.8-325.8 326s145.6 325.8 325.8 325.8c188 0 312.8-132.2 312.8-318.4 0-21.4-2.4-37.8-5.2-54h-307.6z",
          "M1024 448h-96v-96h-96v96h-96v96h96v96h96v-96h96z"
        ],
        "tags": [
          "google-plus",
          "brand",
          "social"
        ],
        "defaultCode": 60043,
        "grid": 16,
        "attrs": []
      },
      "attrs": [],
      "properties": {
        "ligatures": "google-plus, brand5",
        "name": "google-plus",
        "order": 12,
        "id": 396,
        "prevSize": 32,
        "code": 60043
      },
      "setIdx": 0,
      "setId": 1,
      "iconIdx": 395
    },
    {
      "icon": {
        "paths": [
          "M608 192h160v-192h-160c-123.514 0-224 100.486-224 224v96h-128v192h128v512h192v-512h160l32-192h-192v-96c0-17.346 14.654-32 32-32z"
        ],
        "tags": [
          "facebook",
          "brand",
          "social"
        ],
        "defaultCode": 60048,
        "grid": 16,
        "attrs": []
      },
      "attrs": [],
      "properties": {
        "ligatures": "facebook, brand10",
        "name": "facebook",
        "order": 9,
        "id": 401,
        "prevSize": 32,
        "code": 60048
      },
      "setIdx": 0,
      "setId": 1,
      "iconIdx": 400
    },
    {
      "icon": {
        "paths": [
          "M512 92.2c136.8 0 153 0.6 206.8 3 50 2.2 77 10.6 95 17.6 23.8 9.2 41 20.4 58.8 38.2 18 18 29 35 38.4 58.8 7 18 15.4 45.2 17.6 95 2.4 54 3 70.2 3 206.8s-0.6 153-3 206.8c-2.2 50-10.6 77-17.6 95-9.2 23.8-20.4 41-38.2 58.8-18 18-35 29-58.8 38.4-18 7-45.2 15.4-95 17.6-54 2.4-70.2 3-206.8 3s-153-0.6-206.8-3c-50-2.2-77-10.6-95-17.6-23.8-9.2-41-20.4-58.8-38.2-18-18-29-35-38.4-58.8-7-18-15.4-45.2-17.6-95-2.4-54-3-70.2-3-206.8s0.6-153 3-206.8c2.2-50 10.6-77 17.6-95 9.2-23.8 20.4-41 38.2-58.8 18-18 35-29 58.8-38.4 18-7 45.2-15.4 95-17.6 53.8-2.4 70-3 206.8-3zM512 0c-139 0-156.4 0.6-211 3-54.4 2.4-91.8 11.2-124.2 23.8-33.8 13.2-62.4 30.6-90.8 59.2-28.6 28.4-46 57-59.2 90.6-12.6 32.6-21.4 69.8-23.8 124.2-2.4 54.8-3 72.2-3 211.2s0.6 156.4 3 211c2.4 54.4 11.2 91.8 23.8 124.2 13.2 33.8 30.6 62.4 59.2 90.8 28.4 28.4 57 46 90.6 59 32.6 12.6 69.8 21.4 124.2 23.8 54.6 2.4 72 3 211 3s156.4-0.6 211-3c54.4-2.4 91.8-11.2 124.2-23.8 33.6-13 62.2-30.6 90.6-59s46-57 59-90.6c12.6-32.6 21.4-69.8 23.8-124.2 2.4-54.6 3-72 3-211s-0.6-156.4-3-211c-2.4-54.4-11.2-91.8-23.8-124.2-12.6-34-30-62.6-58.6-91-28.4-28.4-57-46-90.6-59-32.6-12.6-69.8-21.4-124.2-23.8-54.8-2.6-72.2-3.2-211.2-3.2v0z",
          "M512 249c-145.2 0-263 117.8-263 263s117.8 263 263 263 263-117.8 263-263c0-145.2-117.8-263-263-263zM512 682.6c-94.2 0-170.6-76.4-170.6-170.6s76.4-170.6 170.6-170.6c94.2 0 170.6 76.4 170.6 170.6s-76.4 170.6-170.6 170.6z",
          "M846.8 238.6c0 33.91-27.49 61.4-61.4 61.4s-61.4-27.49-61.4-61.4c0-33.91 27.49-61.4 61.4-61.4s61.4 27.49 61.4 61.4z"
        ],
        "tags": [
          "instagram",
          "brand",
          "social"
        ],
        "defaultCode": 60050,
        "grid": 16,
        "attrs": []
      },
      "attrs": [],
      "properties": {
        "ligatures": "instagram, brand12",
        "name": "instagram",
        "order": 8,
        "id": 403,
        "prevSize": 32,
        "code": 60050
      },
      "setIdx": 0,
      "setId": 1,
      "iconIdx": 402
    },
    {
      "icon": {
        "paths": [
          "M873 148.8c-95.8-96-223.2-148.8-359-148.8-279.6 0-507.2 227.6-507.2 507.4 0 89.4 23.4 176.8 67.8 253.6l-72 263 269-70.6c74.2 40.4 157.6 61.8 242.4 61.8h0.2c0 0 0 0 0 0 279.6 0 507.4-227.6 507.4-507.4 0-135.6-52.8-263-148.6-359zM514.2 929.6v0c-75.8 0-150-20.4-214.8-58.8l-15.4-9.2-159.6 41.8 42.6-155.6-10-16c-42.4-67-64.6-144.6-64.6-224.4 0-232.6 189.2-421.8 422-421.8 112.6 0 218.6 44 298.2 123.6 79.6 79.8 123.4 185.6 123.4 298.4-0.2 232.8-189.4 422-421.8 422zM745.4 613.6c-12.6-6.4-75-37-86.6-41.2s-20-6.4-28.6 6.4c-8.4 12.6-32.8 41.2-40.2 49.8-7.4 8.4-14.8 9.6-27.4 3.2s-53.6-19.8-102-63c-37.6-33.6-63.2-75.2-70.6-87.8s-0.8-19.6 5.6-25.8c5.8-5.6 12.6-14.8 19-22.2s8.4-12.6 12.6-21.2c4.2-8.4 2.2-15.8-1-22.2s-28.6-68.8-39-94.2c-10.2-24.8-20.8-21.4-28.6-21.8-7.4-0.4-15.8-0.4-24.2-0.4s-22.2 3.2-33.8 15.8c-11.6 12.6-44.4 43.4-44.4 105.8s45.4 122.6 51.8 131.2c6.4 8.4 89.4 136.6 216.6 191.4 30.2 13 53.8 20.8 72.2 26.8 30.4 9.6 58 8.2 79.8 5 24.4-3.6 75-30.6 85.6-60.2s10.6-55 7.4-60.2c-3-5.6-11.4-8.8-24.2-15.2z"
        ],
        "tags": [
          "whatsapp",
          "brand",
          "social"
        ],
        "defaultCode": 60051,
        "grid": 16,
        "attrs": []
      },
      "attrs": [],
      "properties": {
        "name": "whatsapp",
        "ligatures": "whatsapp, brand13",
        "order": 7,
        "id": 404,
        "prevSize": 32,
        "code": 60051
      },
      "setIdx": 0,
      "setId": 1,
      "iconIdx": 403
    },
    {
      "icon": {
        "paths": [
          "M1024 226.4c-37.6 16.8-78.2 28-120.6 33 43.4-26 76.6-67.2 92.4-116.2-40.6 24-85.6 41.6-133.4 51-38.4-40.8-93-66.2-153.4-66.2-116 0-210 94-210 210 0 16.4 1.8 32.4 5.4 47.8-174.6-8.8-329.4-92.4-433-219.6-18 31-28.4 67.2-28.4 105.6 0 72.8 37 137.2 93.4 174.8-34.4-1-66.8-10.6-95.2-26.2 0 0.8 0 1.8 0 2.6 0 101.8 72.4 186.8 168.6 206-17.6 4.8-36.2 7.4-55.4 7.4-13.6 0-26.6-1.4-39.6-3.8 26.8 83.4 104.4 144.2 196.2 146-72 56.4-162.4 90-261 90-17 0-33.6-1-50.2-3 93.2 59.8 203.6 94.4 322.2 94.4 386.4 0 597.8-320.2 597.8-597.8 0-9.2-0.2-18.2-0.6-27.2 41-29.4 76.6-66.4 104.8-108.6z"
        ],
        "tags": [
          "twitter",
          "brand",
          "tweet",
          "social"
        ],
        "defaultCode": 60054,
        "grid": 16,
        "attrs": []
      },
      "attrs": [],
      "properties": {
        "ligatures": "twitter, brand16",
        "name": "twitter",
        "order": 14,
        "id": 407,
        "prevSize": 32,
        "code": 60054
      },
      "setIdx": 0,
      "setId": 1,
      "iconIdx": 406
    },
    {
      "icon": {
        "paths": [
          "M136.294 750.93c-75.196 0-136.292 61.334-136.292 136.076 0 75.154 61.1 135.802 136.292 135.802 75.466 0 136.494-60.648 136.494-135.802-0.002-74.742-61.024-136.076-136.494-136.076zM0.156 347.93v196.258c127.784 0 247.958 49.972 338.458 140.512 90.384 90.318 140.282 211.036 140.282 339.3h197.122c-0.002-372.82-303.282-676.070-675.862-676.070zM0.388 0v196.356c455.782 0 826.756 371.334 826.756 827.644h196.856c0-564.47-459.254-1024-1023.612-1024z"
        ],
        "tags": [
          "feed",
          "rss",
          "social"
        ],
        "defaultCode": 60059,
        "grid": 16,
        "attrs": []
      },
      "attrs": [],
      "properties": {
        "ligatures": "feed2, rss",
        "name": "rss",
        "order": 15,
        "id": 412,
        "prevSize": 32,
        "code": 60059
      },
      "setIdx": 0,
      "setId": 1,
      "iconIdx": 411
    },
    {
      "icon": {
        "paths": [
          "M1013.8 307.2c0 0-10-70.6-40.8-101.6-39-40.8-82.6-41-102.6-43.4-143.2-10.4-358.2-10.4-358.2-10.4h-0.4c0 0-215 0-358.2 10.4-20 2.4-63.6 2.6-102.6 43.4-30.8 31-40.6 101.6-40.6 101.6s-10.2 82.8-10.2 165.8v77.6c0 82.8 10.2 165.8 10.2 165.8s10 70.6 40.6 101.6c39 40.8 90.2 39.4 113 43.8 82 7.8 348.2 10.2 348.2 10.2s215.2-0.4 358.4-10.6c20-2.4 63.6-2.6 102.6-43.4 30.8-31 40.8-101.6 40.8-101.6s10.2-82.8 10.2-165.8v-77.6c-0.2-82.8-10.4-165.8-10.4-165.8zM406.2 644.8v-287.8l276.6 144.4-276.6 143.4z"
        ],
        "tags": [
          "youtube",
          "brand",
          "social"
        ],
        "defaultCode": 60061,
        "grid": 16,
        "attrs": []
      },
      "attrs": [],
      "properties": {
        "ligatures": "youtube, brand21",
        "name": "youtube",
        "order": 5,
        "id": 414,
        "prevSize": 32,
        "code": 60061
      },
      "setIdx": 0,
      "setId": 1,
      "iconIdx": 413
    },
    {
      "icon": {
        "width": 2569,
        "paths": [
          "M344.012 169.399c0.209-0.865 0.344-1.479 0.388-1.8l1.042-7.559-47.349-0.267c-42.779-0.242-55.87 0.007-57.047 1.084-0.565 0.516-15.333 56.633-41.655 158.273-12.556 48.484-23.124 87.206-23.487 86.051s-15.391-56.498-33.397-122.98c-18.006-66.482-33.104-121.243-33.55-121.692-0.623-0.623-57.98-0.9-104.417-0.502-6.735 0.056-10.477-13.11 60.021 211.133 9.759 31.041 24.371 74.997 32.469 97.679 9.333 26.141 15.989 46.323 20.534 63.173 8.038 32.067 8.319 52.163 6.565 75.625-2.026 27.101-2.321 218.438-0.342 221.638 1.512 2.449 91.223 3.589 99.712 1.268 1.358-0.372 2.265-1.691 2.87-8.928 2.119-6.219 2.286-30.969 2.286-133.744v-131.281l5.742-18.112c3.756-11.849 13.201-42.995 20.989-69.22 7.789-26.222 17.21-57.619 20.938-69.771 33.834-110.319 66.14-218.831 66.994-225.011l0.693-5.056z",
          "M846.122 328.651l-0.021 6.838-1.065 0.014-0.595 188.993-0.577 183.227-14.666 14.929c-16.424 16.719-29.585 23.101-41.488 20.113-12.963-3.254-12.64 1.8-13.722-214.768l-0.998-199.347h-94.316v6.851h-1.086v216.289c0 231.737-0.007 231.599 11.752 254.875 9.366 18.536 23.010 27.559 46.391 30.671h0.002c30.79 4.1 64.001-9.849 94.77-39.809l13.373-13.022v22.445c0 19.396 0.554 22.601 4.070 23.58 5.756 1.605 77.173 1.707 84.89 0.126l6.396-1.314v-6.628l1.086-0.223v-495.098l-94.195 1.258z",
          "M606.892 426.33c-8.935-38.341-25.68-64.115-53.233-81.939-43.281-27.999-92.718-30.957-138.586-8.291-33.425 16.515-54.951 43.914-66.071 84.083-1.326 4.786-2.298 8.812-3.033 14.815-2.83 14.184-3.163 35.351-3.889 133.951-1.121 151.928 0.616 170.003 19.643 204.51 18.664 33.848 57.403 58.661 99.572 63.782 12.696 1.54 38.43-0.858 53.23-4.961 33.632-9.326 65.864-35.906 80.118-66.078 6.158-13.033 9.875-22.096 12.115-38.651 4.175-22.617 4.47-59.175 4.47-152.375-0.002-118.875-0.379-131.862-4.337-148.847zM499.34 736.003c-7.907 6.028-21.734 8.649-32.983 6.249-8.656-1.847-20.338-15.419-23.934-27.801-4.479-15.436-4.823-229.985-0.954-272.059 6.379-21.054 24.19-32.050 43.635-26.813 15.157 4.082 22.915 13.575 27.336 33.457 3.282 14.754 3.67 33.129 2.972 141.26-0.46 71.701-0.716 106.742-3.058 125.553-2.382 11.87-6.319 15.047-13.015 20.154z",
          "M2300.389 534.137h45.57l-0.726-41.281c-0.705-37.869-1.263-42.2-6.324-52.472-7.982-16.21-19.759-23.401-38.446-23.401-22.448 0-36.678 10.849-43.388 33.141-2.858 9.486-5.863 74.685-3.707 80.308 1.205 3.144 7.724 3.705 47.021 3.705z",
          "M1995.795 440.237c-6.077-12.247-17.385-18.278-30.525-17.806-10.221 0.365-21.561 4.677-32.488 13.010l-8.14 6.177v296.598l8.14 6.177c18.429 14.052 38.674 17.031 52.619 7.703 5.519-3.691 9.117-8.779 11.919-16.861 3.647-10.524 3.965-24.003 3.489-148.772-0.495-130.043-0.781-137.702-5.014-146.226z",
          "M2560.878 306.633c-9.080-108.842-16.303-144.165-38.751-189.544-29.729-60.101-72.692-91.788-133.876-98.747-47.309-5.379-225.315-12.97-390.044-16.631-285.188-6.338-754.057 5.858-813.939 21.173-27.673 7.077-48.426 19.11-70.022 40.604-37.844 37.662-60.391 91.679-69.452 166.396-20.692 170.606-21.134 376.727-1.188 553.515 8.577 76.041 26.243 125.443 59.41 166.159 20.694 25.406 56.352 46.998 88.26 53.442 22.385 4.523 134.42 10.798 297.605 16.668 24.306 0.874 88.667 2.379 143.030 3.344 113.301 2.012 321.627 0.821 440.719-2.519 80.127-2.249 226.201-8.172 253.5-10.282 7.677-0.593 25.469-1.728 39.537-2.523 47.277-2.67 77.353-12.568 105.596-34.76 36.553-28.718 64.857-81.795 76.815-144.037 11.314-58.894 18.887-163.773 20.422-282.851 1.284-99.491-0.426-153.175-7.621-239.409zM1425.273 267.192l-52.982 0.654-2.326 565.143-45.932 0.581c-35.525 0.488-46.307-0.044-47.167-2.326-0.616-1.626-1.356-129.020-1.672-283.153l-0.581-280.246-103.493-1.307v-88.304l305.829 1.235 1.307 87.069-52.982 0.654zM1750.216 591.117v243.035h-83.725v-25.583c0-19.247-0.735-25.583-2.979-25.583-1.64 0-9.226 6.344-16.861 14.098-16.557 16.817-36.171 30.367-52.91 36.63-34.662 12.968-67.589 5.4-81.618-18.75-12.838-22.11-13.082-27.052-13.082-256.335v-210.547h83.653l0.654 198.265c0.623 194.821 0.714 198.393 5.377 206.333 6.182 10.521 15.608 13.347 30.597 9.231 8.817-2.423 14.836-6.707 29.143-20.931l18.024-17.952v-374.946h83.725v243.035zM2076.757 799.41c-7.372 16.424-23.806 32.509-37.283 36.485-35.167 10.382-63.375 1.923-95.935-28.708-10.103-9.505-19.51-17.224-20.931-17.224-1.712 0-2.616 7.449-2.616 22.094v22.094h-83.725v-655.845h83.725v106.982c0 58.84 0.786 106.982 1.744 106.982s9.789-7.807 19.624-17.298c22.629-21.841 41.548-31.399 65.557-33.213 42.811-3.24 68.327 18.794 80.018 69.117 3.647 15.696 3.998 33.625 3.998 179.078-0.002 177.178-0.021 177.918-14.175 209.457zM2430.99 702.168c-0.744 18.226-2.954 39.137-4.942 46.514-11.642 43.167-42.635 73.731-87.432 86.269-60.315 16.878-126.704-10.777-153.205-63.812-14.875-29.769-15.408-35.706-15.408-181.185 0-118.617 0.419-133.171 4.214-149.354 10.747-45.788 37.392-75.422 82.49-91.865 13.068-4.765 26.708-7.207 40.337-7.486 48.672-0.998 96.984 25.18 117.229 67.808 13.659 28.76 15.35 41.060 16.717 122.099l1.235 72.678-178.497 1.235-0.654 48.84c-0.93 68.901 3.716 90.088 22.313 102.621 15.645 10.54 39.679 9.745 52.765-1.744 12.263-10.768 15.726-22.336 16.933-56.107l1.091-29.653h86.195l-1.381 33.143z"
        ],
        "tags": [
          "youtube",
          "brand",
          "social"
        ],
        "defaultCode": 60062,
        "grid": 16,
        "attrs": []
      },
      "attrs": [],
      "properties": {
        "ligatures": "youtube2, brand22",
        "name": "youtube2",
        "order": 4,
        "id": 415,
        "prevSize": 32,
        "code": 60062
      },
      "setIdx": 0,
      "setId": 1,
      "iconIdx": 414
    },
    {
      "icon": {
        "paths": [
          "M96 0l-96 160v736h256v128h128l128-128h160l288-288v-608h-864zM832 544l-160 160h-160l-128 128v-128h-192v-576h640v416z",
          "M608 256h96v256h-96v-256z",
          "M416 256h96v256h-96v-256z"
        ],
        "tags": [
          "twitch",
          "brand",
          "social"
        ],
        "defaultCode": 60063,
        "grid": 16,
        "attrs": []
      },
      "attrs": [],
      "properties": {
        "ligatures": "twitch, brand23",
        "name": "twitch",
        "order": 6,
        "id": 416,
        "prevSize": 32,
        "code": 60063
      },
      "setIdx": 0,
      "setId": 1,
      "iconIdx": 415
    },
    {
      "icon": {
        "paths": [
          "M791.498 544.092c-1.294-129.682 105.758-191.876 110.542-194.966-60.152-88.020-153.85-100.078-187.242-101.472-79.742-8.074-155.596 46.948-196.066 46.948-40.368 0-102.818-45.754-168.952-44.552-86.916 1.292-167.058 50.538-211.812 128.38-90.304 156.698-23.126 388.84 64.89 515.926 43.008 62.204 94.292 132.076 161.626 129.58 64.842-2.588 89.362-41.958 167.756-41.958s100.428 41.958 169.050 40.67c69.774-1.296 113.982-63.398 156.692-125.796 49.39-72.168 69.726-142.038 70.924-145.626-1.548-0.706-136.060-52.236-137.408-207.134zM662.562 163.522c35.738-43.358 59.86-103.512 53.28-163.522-51.478 2.096-113.878 34.29-150.81 77.55-33.142 38.376-62.148 99.626-54.374 158.436 57.466 4.484 116.128-29.204 151.904-72.464z"
        ],
        "tags": [
          "apple",
          "brand"
        ],
        "defaultCode": 60094,
        "grid": 16,
        "attrs": []
      },
      "attrs": [],
      "properties": {
        "ligatures": "apple, brand53",
        "name": "appleinc",
        "order": 16,
        "id": 447,
        "prevSize": 32,
        "code": 60094
      },
      "setIdx": 0,
      "setId": 1,
      "iconIdx": 446
    },
    {
      "icon": {
        "paths": [
          "M896 384c-35.2 0-64 28.8-64 64v256c0 35.2 28.8 64 64 64s64-28.8 64-64v-256c0-35.2-28.8-64-64-64zM128 384c-35.2 0-64 28.8-64 64v256c0 35.2 28.8 64 64 64s64-28.8 64-64v-256c0-35.2-28.802-64-64-64zM224 736c0 53.020 42.98 96 96 96v0 128c0 35.2 28.8 64 64 64s64-28.8 64-64v-128h128v128c0 35.2 28.8 64 64 64s64-28.8 64-64v-128c53.020 0 96-42.98 96-96v-352h-576v352z",
          "M798.216 320.002c-9.716-87.884-59.004-163.792-129.62-209.646l32.024-64.046c7.904-15.806 1.496-35.028-14.31-42.932s-35.030-1.496-42.932 14.312l-32.142 64.286-8.35-3.316c-28.568-9.502-59.122-14.66-90.886-14.66-31.762 0-62.316 5.158-90.888 14.656l-8.348 3.316-32.142-64.282c-7.904-15.808-27.128-22.212-42.932-14.312-15.808 7.904-22.214 27.126-14.312 42.932l32.022 64.046c-70.616 45.852-119.904 121.762-129.622 209.644v32h574.222v-31.998h-1.784zM416 256c-17.674 0-32-14.328-32-32 0-17.648 14.288-31.958 31.93-31.996 0.032 0 0.062 0.002 0.094 0.002 0.018 0 0.036-0.002 0.052-0.002 17.638 0.042 31.924 14.35 31.924 31.996 0 17.672-14.326 32-32 32zM608 256c-17.674 0-32-14.328-32-32 0-17.646 14.286-31.954 31.924-31.996 0.016 0 0.034 0.002 0.050 0.002 0.032 0 0.064-0.002 0.096-0.002 17.64 0.038 31.93 14.348 31.93 31.996 0 17.672-14.326 32-32 32z"
        ],
        "tags": [
          "android",
          "brand",
          "os",
          "mobile"
        ],
        "defaultCode": 60096,
        "grid": 16,
        "attrs": []
      },
      "attrs": [],
      "properties": {
        "ligatures": "android, brand55",
        "name": "android",
        "order": 17,
        "id": 449,
        "prevSize": 32,
        "code": 60096
      },
      "setIdx": 0,
      "setId": 1,
      "iconIdx": 448
    }
  ],
  "height": 1024,
  "preferences": {
    "showGlyphs": true,
    "showQuickUse": true,
    "showQuickUse2": true,
    "showSVGs": true,
    "fontPref": {
      "prefix": "icon-",
      "metadata": {
        "fontFamily": "icomoon"
      },
      "metrics": {
        "emSize": 1024,
        "baseline": 6.25,
        "whitespace": 50
      },
      "embed": false
    },
    "imagePref": {
      "prefix": "icon-",
      "png": true,
      "useClassSelector": true,
      "color": 0,
      "bgColor": 16777215,
      "classSelector": ".icon",
      "name": "icomoon",
      "height": 32,
      "columns": 16,
      "margin": 16,
      "pdf": false
    },
    "historySize": 50,
    "showCodes": true,
    "gridSize": 16
  }
}